author.last_played,author.num_games_owned,author.num_reviews,author.playtime_at_review,author.playtime_forever,author.playtime_last_two_weeks,author.steamid,comment_count,developer_response,language,primarily_steam_deck,received_for_free,recommendationid,review,steam_purchase,timestamp_created,timestamp_dev_responded,timestamp_updated,voted_up,votes_funny,votes_up,weighted_vote_score,written_during_early_access
1754908382,62,202,425,1632,1632,76561198969709215,0,,japanese,False,False,201816030,釣りゲーム。釣りは主人公のネコが自動でするのでプレイヤーは時々魚をコインに換金したりエサを買ったりする。装備のアップグレードもできるのでコインを集める楽しみがある。釣った魚は換金以外にも水槽に入れることもできる。水槽に入れた魚はレアリティ等に応じて時間で少しずつコインをくれるのでいい魚が釣れたら入れ替えて収入を増やす。綺麗なグラフィックに穏やかなBGMで最高の癒しゲームです。,True,1754796940,,1754818425,True,0,39,0.816907882690429688,False
1754829933,193,5,484,2146,2146,76561198070040194,0,,english,False,False,201697097,"Of all the relaxing desktop companion idle games coming out lately, this is my favorite one. The art is beautiful and I love the way it's animated. I really enjoy that this game has two different forms of passive income in the fishing, and the fish tank, making every big catch feel even better. The wallpaper mode is amazing and my preferred way to experience this, and I hope more games in the genre take inspiration from that.

Also I love cat",True,1754651451,,1754652031,True,0,13,0.682657718658447266,False
1754907980,0,1,1491,2331,2331,76561199079778150,1,,schinese,False,False,201836966,游戏元素有点少，五张地图三天就解锁完了，而且希望不要整些篮球鱼棒球鱼这种，多开发些现实里的鱼类，或者已经灭绝的远古鱼类也行，科普会让这游戏变得有意义些。还有就是，鱼上钓频率太高了，让人过分关注，本来一款佛系游戏好像弄得有点焦虑了。整体来说，目前玩得还不错，催更地图ing~~,True,1754826651,,1754826651,True,0,9,0.637334287166595459,False
1754840594,224,26,297,938,938,76561198346514047,0,,schinese,False,False,201766573,"被这款游戏的画风吸引了！清
新休闲的放置类猫咪钓鱼游戏，包含各个不同场景，
会有不同的小动物过来求助，还会有各种各样的图鉴，鱼缸装饰等等...收集控狂喜！

玩的时候，看到不同场景的更替，我突然发现这个温馨可爱小游戏的背后或许隐藏着一个不那么幸福快乐的世界观。
长满青苔无人打理的桥洞，多个井盖标有污染的大型废料...这些让我不由得猜测在这个温馨可爱画风背后到底隐藏了怎样的故事。
我觉得玩到目前为止，收集的元素非常全面，装饰的物品也可以慢慢解锁购买！玩的时候非常期待不同的小动物过来找我求助~

不过感觉图鉴中鱼的介绍可以更加全面，可以根据他们实际上的习性来写一小段有趣的小故事，在摸鱼时还能学一些鱼类小知识是最好不过了~虽然现在还没有玩很长时间，但是个人已经感觉很喜欢了！
希望之后如果有更新的话，可以跟不同的小动物有更多交互，可以慢慢了解不同小动物的故事，或者我们可以互相交换礼物，我也可以给他们买东西，总的来说！一杯奶茶钱还要什么自行车！",True,1754739124,,1754739124,True,0,8,0.622641503810882568,False
1754909132,59,7,335,1014,1017,76561198399412730,0,,schinese,False,False,201832592,游戏还可以，就是能不能提高现实中的鱼的比例，顺便也可以科普一下，什么篮球鱼足球鱼棒球鱼真的很没有意思和创意，还有请问冰晶湾这种基本上没什么太阳的地方出个太阳能版水母是在？....,False,1754821252,,1754821252,True,2,5,0.593881845474243164,False
1754867699,34,2,636,2686,2686,76561199002167215,0,,schinese,False,False,201771301,"之前新品节最惊喜的游戏，demo的时候就玩了很久，没想到能继承也是意外之喜了
正式版加了很多东西，最喜欢的是增加了每小时自动卖鱼的功能优化了挂机体验还有可以让小猫蹭蹭下巴了，太萌了！
游戏内容很多很值！温馨的音乐和美术，每个地图的小动物和故事都很有意思，但是不知道为什么一直有一种淡淡的忧伤的底色T T [spoiler] 贝丝的家人其实是一只小机器鸭子玩具，马可宝贝的物品是一个被拆下来的炸弹倒计时器，道格拉斯口中那个和费舍一样爱钓鱼的朋友… [/spoiler]还有一些我没解锁的故事希望后面能知道一个个钓点的真相或故事，因为看背景好像都是荒废的地方，让人游玩之余有点心酸T T
[spoiler] 因为正式版是朋友送的，悄悄祝朋友家的猫猫珠珠健康快乐永远有鱼吃(>ΘωΘ<) [/spoiler]",False,1754744815,,1754744815,True,2,5,0.583333313465118408,False
1754905633,92,5,1384,2010,2010,76561198845701762,0,,schinese,False,False,201680864,非常好评！！！很治愈的一款小游戏，很喜欢桌宠模式，有小猫陪伴着上班感觉都不枯燥啦！音乐也非常治愈！从测试阶段就开始玩了，正式服还有装饰系统！可以装扮小猫身边和鱼缸装饰，感觉游戏内容更丰富了！！！,False,1754626269,,1754626269,True,0,7,0.57787013053894043,False
1754888944,0,1,469,590,590,76561198322623155,0,,schinese,False,False,201850376,"近日于Steam寻得一款奇趣佳作，名为《猫猫钓游记》 ，玩罢只觉妙哉妙哉，忍不住与诸位分享一番。
起初，小生本以为只是寻常垂钓之作，却不想被其中的主角萌猫迷了心智。甩竿收线间，那模样相当美而萌之，直叫人忍俊不禁，笑得小生囧架架 。
游戏里的场景布置，可谓是独具匠心。每次进入新的地图，都仿若置身于一幅绝美的画卷之中，嚯哈哈哈。
垂钓之时，各种意外惊喜不断。偶尔钓上些稀奇古怪的玩意儿，妙趣横生，让小生玩得欲罢不能。
若诸位也想寻得一方放松身心的乐土，不妨一试这《猫猫钓游记》 。与萌猫相伴悠然垂钓，快哉快哉！
（中译中：都来丸！）",True,1754840068,,1754840068,True,1,4,0.577619314193725586,False
1754907859,0,38,408,3020,3020,76561199764605872,0,,japanese,False,False,201765798,"釣りは勝手にネコがやってくれます。エサの補充や水槽の管理はプレイヤーがしないといけません。基本放置プレイですが、バケツに入れられる魚が少ないので夜寝て朝までほったらかしという長時間には向いておらず。アニメ１本見ながらの放置プレイがちょうどいいです。
装備の拡張もあるので強化すれば少し長い放置も可能になるかと思います。
日本語訳も丁寧にされているので、キャラのセリフに違和感はありません。可愛いキャラ達の放置ゲーおすすめです。
",True,1754738122,,1754738122,True,0,3,0.565217375755310059,False
1754889607,0,2,18,422,422,76561199497993299,0,,japanese,False,False,201753589,"最高に癒しのゲームです！！ありがとう！！

注意で、壁紙モードにすると画面が見切れたり、表示されなくなったりすることがありますが、タスクバーからWindows設定に直すと直りました！！
タスクバーに表示がなければ隠れたインジゲーターの中にあるかもしれません！
ちなみに自分は隠れたインジゲーターの中にありホッとしました。",True,1754720628,,1754720628,True,0,3,0.565217375755310059,False
1754881951,23,1,481,3679,3679,76561199474469861,0,,schinese,False,False,201702937,"非常好评！
猫猫很可爱，画风很治愈很温馨，哪怕纯当做动态壁纸质量也非常高，光是看着猫猫就忍不住想要笑出来（猫真好，和我一起摸鱼）
游戏设计方面也很用心，钓鱼提示可以关闭（获得一张干净的壁纸），猫猫和鱼篓加了互动，鱼也可以投喂，是很少见的，不让人沉迷但是很让人留恋的游戏
（dlc！！新的猫猫，新的衣服，新的帽子，新的鱼，新的挂件！！我的钱包已经按耐不住了！！）",False,1754658621,,1754658621,True,0,4,0.565217375755310059,False
1754850800,152,18,23,734,734,76561199159305108,0,,russian,False,False,201722482,"разве есть что-то лучше, чем сидеть у воды с удочкой, ждать улова, а в перерывах пить горячий чай с вкусняшками? вот и я не придумала.
⠀https://steamcommunity.com/sharedfiles/filedetails/?id=3544831734",True,1754678705,,1754678705,True,1,7,0.556349217891693115,False
1754728522,0,17,362,946,946,76561198278871912,0,,japanese,False,False,201703230,"可愛い　のんびりやれる
アートワークに一目惚れして購入
そしたら環境音がいい
もちろんアートワークもいい
ストーリーもあるっぽい
しかもいい意味で、ストーリーの進みが遅いです。放置ゲーム、結局2日くらいでやることなくなって飽きがちなので、のんびりマッタリ放置できるのめちゃめちゃいいです。

ウィンドウの位置を移動できないので、そこはアプデで改善されると嬉しいですね。",True,1754658960,,1754658960,True,0,5,0.547945201396942139,False
1754907832,0,16,30,363,363,76561198045548617,0,,english,False,False,201890698,"I got sick, not uncommon for me. Pneumonia this, lung infection that. I've been sad and unable to play any games, then this one popped up. I grabbed it because there was a cat, wearing a hat, and she was fishing. In a short while of me playing, she took a break from fishing and started to drink warm tea or coffee. So, I sort of thought I could do the same.

So now I am drinking tea, Fischer has gone back to fishing, and her new goose friend Bess is asking for a Carp. The music is playing, and it's calming and soft. I might still feel unwell, but I still feel better, too. I recommend this game for anyone who needs just a little calm, but also uplifting of your mood. Watching Fischer the cat with her fur puffing up as she pulls up a fish is wonderful. All the while, the graphics are charming and the music is great, and I can hear moving water that sounds just like the brook not far from my parents house.

I do have a wish/hope that I can persuade Bess to share her bonnet with Fischer. It's lovely.",True,1754889396,,1754889396,True,0,2,0.547325074672698975,False
1754909202,391,90,325,2653,2653,76561198380147196,0,,schinese,False,False,201745112,"非常可爱的猫猫钓鱼
基本不用管 偶尔去卖一下鱼就行
可以壁纸模式 但是有时候会崩掉 希望可以优化一下
稀有鱼爆率好低 一共五张图鉴
感觉可以挂很久(❁´◡`❁)",False,1754707403,,1754707403,True,1,3,0.54703831672668457,False
1754909216,0,7,30,3366,3366,76561198202164106,0,,schinese,False,False,201678428,真·放置游戏，不需要频繁点击只需要隔一段时间看一下。后续升级小店之后也可以全自动解放双手~壁纸模式很好，没有那种桌面上突然多出来一个东西的感觉~正式版继承了demo的存档很贴心了。目前看收集的鱼池就五页感觉有点少，希望后期能有更新拓展。总体还是很喜欢的,True,1754622473,,1754622811,True,0,4,0.545165419578552246,False
1754811452,0,5,118,197,197,76561198259683014,0,,schinese,False,False,201821891,"最近工作压力比较大想玩一点休闲游戏，买来后初步体验了一下，游戏是比较可爱风的放置游戏，很适合工作的时候放在一边看着小猫静静钓鱼，感觉心情也宁静了一些，游戏体验很好，美术风格比较有特色，音乐也很舒缓治愈，是同类游戏中比较难得的精品，期待制作组的后续作品。
还可以提高的地方是角色对话部分，比如一些NPC蜜汁重复对话内容显得有点烦，另外，鱼类图鉴也有很多介绍get不到点在哪里。",True,1754805936,,1754806100,True,0,2,0.537091970443725586,False
1754865823,137,15,272,619,619,76561199041528450,0,,english,False,False,201747616,A cute little game. I love the art style. Petition for Fischer to have more hats!,True,1754711023,,1754711023,True,0,1,0.525862038135528564,False
1754846710,0,2,918,3511,3511,76561198247293060,0,"非常抱歉给您带来不好的游戏体验。为了更好地帮助您排查问题，您方便加入QQ群 665913392 并联系管理员吗？
我们会积极协助您查找出现显示问题的原因。虽然我们已测试了大多数主流显示器，但仍可能存在一些遗漏，感谢您的理解与配合。",schinese,False,False,201722947,屏幕的适配非常烂，尤其是多显示器情况下。窗口模式总是调不出游戏窗口，甚至没敢尝试打了beta tag的壁纸模式就已经这样了。从试玩版玩过来，正式版一上线马上购入，结果让人失望。,True,1754679228,1754719106,1754679228,False,0,1,0.525547444820404053,False
1754908806,73,5,1665,1725,1725,76561198323624437,0,,koreana,False,False,201888099,"매우 마음을 안정시켜주는 온화한 분위기 속에 조용하면서 잔잔하게 마음을 쓰다듬어주는 배경음악과 좋은 의미로 개성적인 물고기들과 개성적인 NPC들로 하여금 더욱더 온화한 재미를 느끼게 해주는 힐링에 좋은 게임이다. 만약 최근 좋지 않은 일이 있어 마음이 우중충하거나 힘들 때 추천할법하며 요즘 보기 드믄 좋은 힐링 게임이다. 허나 방치형이나 기다리는 것이 힘든 사람에겐 맞지 않을 수 있으나, 호불호가 갈릴 만한 정도는 아니라 생각한다.",True,1754884855,,1754906697,True,0,1,0.523809552192687988,False
1754908693,0,5,471,496,496,76561198393785649,0,"哈喽~
您可以试一下在存档文件夹找备份文件~
存档路径：C:\Users\（系统用户名）\AppData\LocalLow\Cutefish\Fischer'sFishingJourney 
有问题可以加入我们的官方群，详细沟通定位~q群：706948400
感谢理解和支持~",schinese,False,False,201849063,玩了两天，本来挺高兴，都开到第四个地图了，今天忙了一天，下班回来发现存档没了，瞬间就不想玩了，稳定性太差！,True,1754838843,1754885640,1754838843,False,0,1,0.523809552192687988,False
1754908489,0,46,253,736,736,76561197985639455,1,,english,False,False,201714456,"Really cute and on point! Worth the money.

I played a lot of different idle fishing games over the last couple of months. Fishing the Abyss, Desktop Fishing, Idle Waters and Corner Pond. When it comes to the pure mechanics, the fishing, the mini-occupations alongside it, nothing really beats Idle Waters for me. 

But the big selling point for me here are the visuals, the cozyness of the cat. I dig the artstyle, the tunes, the ambience sounds. The environments are inspired and fun, the mechanics are still solid - and the desktop-mode is just gold. No other game has it.

Only downside for me really is the creepy, awkward bunny o.o It's just weirdly artificially disturbing, beyond a cute level for me. It overshadows all the cozyness of the game, making it look like the cat made a pact with a demon and is now forced to fish for the creepy Demon-bunny-plushy or get devoured, if it doesnt obey.",True,1754670373,,1754670373,True,1,2,0.523809552192687988,False
1754807223,219,89,93,492,492,76561198815360261,0,,schinese,False,False,201714038,很好的挂机游戏  很休闲 很治愈 比那些越玩越累的挂机游戏好很多,True,1754669936,,1754669936,True,0,2,0.523809552192687988,False
1754837438,25,10,318,823,823,76561199848714606,0,,schinese,False,False,201702995,"评分：9/10，第一次接触挂机类游戏，感觉瑕不掩瑜

值得一玩，将手动点击和自动挂机很好地平衡在一起，闲来无事可以疯狂打窝增加速度，当然让小猫菲舍打工钓鱼也是极好的，休闲和忙碌任君选择

画面是一大亮点，尤其壁纸模式，不同天气下可爱的小猫和平静的环境非常养眼，而且菲舍也会摸鱼喝茶诶，丑萌的各种小鱼总是出其不意出现，配上舒缓的bgm可谓摸鱼神器

当然，玩法单一重复难以避免，但作为收集党和成就党，看着图鉴一点点丰富也得到了满足

游玩过程中存在几个小bug，如果能尽快修复会更加流畅",True,1754658688,,1754658688,True,0,1,0.523809552192687988,False
1754632359,1262,706,180,180,180,76561199490745529,0,,schinese,False,False,201684662,全自动啊，我靠，几乎不需要点击，而且开了壁纸模式以后就跟真壁纸一样，很舒服。游戏的内容不少，不过解锁的速度不是太快，也能理解，毕竟是个挂机游戏，太快的话就没什么寿命了,True,1754632490,,1754634153,True,0,2,0.523809552192687988,False
1754635970,1708,357,142,142,142,76561199003297765,0,,schinese,False,False,201686809,可爱猫猫、治愈音效、童趣画风、丰富玩法、温暖剧情！,True,1754636101,,1754636101,True,1,0,0.522058844566345215,False
1754835950,0,1,36,446,446,76561199287789446,0,,english,False,False,201732118,"One of the most relaxing idle games I’ve ever played. I already played it during the demo and it instantly became one of my favorites.
Cute animations, calming music, and flexible modes (fullscreen, tab, or even as a wallpaper). Perfect to keep running in the background and check in from time to time. No rush, no unnecessary grind just peacefully catching fish while getting work done on the side.

I recommend this to anyone looking for something calm and charming :).",True,1754689494,,1754689494,True,0,3,0.52173912525177002,False
1754882522,1265,588,30,2405,2405,76561197970673198,0,,german,False,False,201678911,"Schön das es endlich draußen ist, hatte über 50 Stunden in der Demo.
Und der Fortschritt aus dieser wurde auch übernommen.

Finde es gemütlich der Katze beim Fischen zuzusehen und ist auch ein netter Idler ;) 

Richtig gut finde ich, da es ja ein ""Desktop-Spiel"" sein soll, dieses auch im Vollbild geht.
Dafür gibt es ein dickes fettes ❤ von mir, sonst hätte ich einen großen Bogen um diese Perle gemacht.

Verstehe absolut den Sinn hinter solchen Spielen nicht.
Entweder spiele ich oder ich mache was anderes und wenn doch, dann benutze ich ALT+TAB.


Gefällts Dir auch ? Schön für Dich
Gefällts Dir nicht ? Mir sowas von Egal LOL",True,1754623216,,1754623216,True,0,3,0.519685029983520508,False
1754908503,239,8,647,2513,2513,76561198074895783,0,,english,False,False,201714477,"I tried the demo some time ago, and loved the cute art and cozy atmosphere. As soon as the game released earlier today, I bought it and already got 10 hours in it.

Also I like that the game remembered my save file from when I played the demo, but I decided to start over, so I don't miss out any achievements!",True,1754670403,,1754670494,True,0,1,0.518518567085266113,False
1754721405,525,58,499,828,828,76561198162432939,0,,schinese,False,False,201700247,"小猫钓鱼非常可爱。配合童趣的画风与和谐的配色，开成壁纸模式一直放在公司也不显得突兀，这下可以和猫猫一起摸鱼了～
",True,1754655436,,1754655436,True,0,2,0.51086956262588501,False
1754703117,0,2,5,5,5,76561199023289802,1,"このたびはご不便をおかけし、大変申し訳ございません。
現在、壁紙モードはテスト段階であり、一部のモニターでは正常に表示されない場合があります。
もし問題が発生した場合は、画面右下のタスクバーからゲームのアイコンを右クリックし、一番上の「ウィンドウモードに戻す」ボタンを選択すると、正常に表示されるようになります。

また、他の画面管理ソフトを同時に起動している場合も、表示が正しくならないことが確認されています。お手数ですが、他のソフトを終了した上でお試しください。",japanese,False,False,201742156,"壁紙設定にしたら上半分が見切れて遊べるような状態じゃない
設定画面から戻そうにも見切れてるから戻せない
アンインストールしても、設定フォルダを削除しても意味なし
すごく楽しみにしてたのに。。。
遊べもせずにお金を払っただけになって悲しい",True,1754703313,1754719290,1754703313,False,1,6,0.508745849132537842,False
1754904992,0,3,1027,1095,1095,76561198102000945,0,,japanese,False,False,201898271,"ビジュアルが好みなら買って損はないと思います。
このゲームを構成している要素全てが可愛らしく、グッズが欲しくなりますね。。。

素晴らしいゲームなので、ぜひスマートフォンやタブレット版でもリリースしてほしいです。
Steam Linkを介し、iPadでデジタルフォトフレームのように使用していますが、これがとても良い！！
流石に毎度PCの電源を入れるのは煩わしいので、ご一考いただければ幸いです。
",True,1754902655,,1754902655,True,0,0,0.5,False
1754908471,0,4,982,1134,1134,76561199760459026,0,,schinese,False,False,201897298,"超可爱的放置游戏，小猫一边钓鱼一边陪我干活，可爱鼠了~期待更多地图，更多小伙伴。
（对话那里能改进一下就更好啦，现在是点击小三角进行下一句，要是能点击画面任何地方都能进行下一句就完美啦",True,1754901052,,1754901052,True,0,0,0.5,False
1754903514,33,2,105,196,196,76561199655744862,0,,schinese,False,False,201896156,画风很可爱，玩法很休闲，上班摸鱼好物，麻烦快点支持ios游玩，我朋友快急疯了,True,1754899127,,1754899127,True,0,0,0.5,False
1754908722,0,4,4059,4279,4279,76561199169530895,0,,schinese,False,False,201894212,"是个很标准的挂机类的小游戏，主角是个小猫，完成任务，赚钱去下一个地方钓鱼，作为办公时间偷偷摸鱼的游戏来说很不错，就是游戏以壁纸的形式来说除了点击小猫舔舐手以外，小猫挂机点击小猫当""资本家""让小猫不能休息以外，还是有点单调，不知道伙伴好感度，以及部分鱼的获取方式有点问题，部分商品定价有些高以外都是挺不错的，作者很棒！！",True,1754895661,,1754895661,True,0,0,0.5,False
1754909426,0,1,2248,2581,2581,76561199198443654,0,,schinese,False,False,201890862,画风很可爱，设置成桌面让猫猫自己钓鱼就好了，不定时清一下背包买点东西，很轻松的放置小游戏,True,1754889672,,1754889672,True,0,0,0.5,False
1754909773,280,25,2291,2598,2598,76561198346952623,0,,schinese,False,False,201887574,"很好玩的挂机游戏，画风清新，数值也没有太膨胀。
提个小建议，加上NPC图鉴，这样能知道谁在哪个地图，需要什么东西",True,1754884006,,1754884006,True,0,0,0.5,False
1754883517,17,2,19,22,22,76561198237387360,0,,schinese,False,False,201887183,游戏风格治愈，让身为牛马的我心中有了一丝活人的温度。,True,1754883312,,1754883312,True,0,0,0.5,False
1754860305,76,5,1273,1303,1303,76561198822073854,0,,english,False,False,201869237,fun game to keep in the backround if youre the type of person to get bored while scrolling through random stuff,True,1754859009,,1754859009,True,0,0,0.5,False
1754750043,1311,294,646,646,646,76561199023797277,0,,schinese,False,False,201860270,可以把模式设置成壁纸，偶尔点点还能解锁新剧情，蛮可爱的,True,1754849859,,1754849859,True,0,0,0.5,False
1754840639,332,42,134,134,134,76561198984689730,0,,schinese,False,False,201851153,这款游戏的画风真的很棒！！！放置类猫咪钓鱼游戏，包含各个不同场景，会有不同的小动物过来求助，收集的元素非常全面，装饰的物品也可以慢慢解锁购买！基本不用管，偶尔去卖一下鱼就行。,True,1754840802,,1754840802,True,0,0,0.5,False
1754909077,109,13,3492,4708,4708,76561198979100341,0,,schinese,False,False,201846478,好玩，画风好评，挂机游戏很少有这么精致的，就是内容和玩法对于挂机游戏来说有点短,True,1754836459,,1754836491,True,0,0,0.5,False
1754909389,100,7,2036,2863,2863,76561198316333813,0,,schinese,False,False,201845435,画风配乐很治愈，感觉作者想表达环保的主题？总之是很好玩挂机壁纸型游戏，希望后面dlc能多出些地图,True,1754835466,,1754835466,True,0,0,0.5,False
1754908608,0,2,2782,4025,4025,76561198867621513,0,,schinese,False,False,201843966,很有意思的一个桌面游戏 ，付费就完事了，不用翻评论区了，值得买,True,1754834082,,1754834082,True,0,0,0.5,False
1754839731,51,11,85,267,267,76561198352660474,0,,schinese,False,False,201839589,"非常可爱の工作陪伴游戏 T T 请一直更新下去
（希望增加1、更多猫猫互动＆小动物朋友互动 2、更多色系的皮肤小猫装扮＆bgm收集，一直桥洞下钓鱼有点惨惨的，虽然是钓鱼佬猫猫也可以穿的可爱点嘛，不要只有渔夫帽）

",True,1754829627,,1754829627,True,0,0,0.5,False
1754826459,2140,336,494,494,494,76561198998970527,0,,schinese,False,False,201836880,一款休闲的挂机游戏，可以看着可爱的猫猫一直在水边钓鱼，还能在猫猫休息的时候打断他，不过要记得定时清空鱼篓,True,1754826544,,1754826544,True,0,0,0.5,False
1754908498,153,14,908,1839,1839,76561198077931754,0,,tchinese,False,False,201832435,"推薦:
有很多可愛的小動物偶爾會來拜訪你跟你要魚，
累積一定好感度能得到功能物品回禮，
還有慵懶的BGM~掛著邊辦公氛.圍..很...棒.... zzzZZZ
-------------------------------------------
不推薦:
看慢節奏的風格你還O不OK，
(暫時性: UI介面上的一些問題)
-------------------------------------------
快速跟動物們培養感情拿到功能物品 /解商店等級到多買些魚簍放魚&自動販賣物品後會比較輕鬆,
觀賞魚缸可以當作魚倉庫方便改釣點.
加點隨自己拉得舒不舒服判斷.
另外有Demo試玩的朋友們紀錄有延續, 算參加Demo測試的小獎勵~ 賺到 owo)b",False,1754821032,,1754853788,True,0,0,0.5,False
1754837970,203,72,913,995,995,76561198154611004,0,,schinese,False,False,201832283,试玩的时候好感满了，现在不跳成就了。点设置的时候跳了。,True,1754820825,,1754834047,True,0,0,0.5,False
1754810164,0,2,1136,1136,1136,76561198805007791,1,"您好，非常感谢您的反馈。
针对您提到的窝料问题，您方便详细沟通一下情况吗？
如果方便的话，欢迎加入玩家交流群 706948400，提供更多细节和截图，方便我们更快定位并解决问题。
感谢您的理解和支持，我们会持续努力改善游戏体验。",schinese,False,False,201824684,攒了好多动物给的窝料，点全部，还没用呢，自己没了......,True,1754810301,1754885768,1754810301,False,0,0,0.5,False
1754830999,555,63,858,1238,1238,76561198283118973,0,,schinese,False,False,201823759,可爱治愈，小猫钓鱼！很适合摸鱼挂着的小游戏，值得一提的是，地图场景和小动物们的对话都隐约揭示了，这是一个带着污染、灰暗、后末日感氛围的世界，大家都有自己的故事，让人好奇。,True,1754808879,,1754808879,True,0,0,0.5,False
1754817196,0,1,60,222,222,76561198863396613,0,,schinese,False,False,201823644,轻松的环境，舒缓的音乐，猫猫会喝茶，还有些奇妙的小鱼，闪光，最大体型，非常棒,True,1754808694,,1754808694,True,0,0,0.5,False
1754895156,0,6,1059,1975,1975,76561198019096315,0,,english,False,False,201816359,This is a good casual game for when i don't want to be doing anything requiring my attention.,True,1754797402,,1754797402,True,0,0,0.5,False
1754909711,174,14,839,1509,1509,76561198319533495,0,,schinese,False,False,201814692,每天上班之前都要打开电脑。必须全屏游戏，让我的猫抓紧学会钓鱼，以后帮我打窝。,True,1754794943,,1754794943,True,0,0,0.5,False
1754908858,92,10,804,1682,1682,76561198838409863,0,,koreana,False,False,201804946,"그냥 조용조용 느긋하게 하기 좋음
딴 거 틀어놓고 같이하면 딱인듯
잘 즐기는 중",True,1754780522,,1754780600,True,0,0,0.5,False
1754909559,130,6,60,1453,1453,76561198356171633,0,,schinese,False,False,201784543,"挂机开着游戏自带的白噪音是真的爽
又有画面又有温情小故事又有白噪音
很适合居家办公了！
最重要的是！！！
还有第二章有沙漠狐狸可以代餐，嘿嘿嘿嘿嘿嘿，我推，嘿嘿嘿嘿（请看我头像",True,1754757946,,1754757946,True,0,0,0.5,False
1754908983,0,42,591,1334,1334,76561198165966110,0,,schinese,False,False,201783862,猫猫可爱，点击猫猫还会舔手手，可爱上加可爱。每个场景和npc都感觉有故事可以深挖，这一点也十分有趣。,True,1754757306,,1754757306,True,0,0,0.5,False
1754757073,1399,385,203,203,203,76561199223694274,0,,schinese,False,False,201783694,这款桌宠还是挺可爱的，看一只小猫钓鱼，甚至不局限在鱼的生物上，画风优秀，音乐令人安心，十分推荐！,True,1754757132,,1754757132,True,0,0,0.5,False
1754831530,19,1,447,1408,1408,76561198890344527,0,,schinese,False,False,201768985,真的很喜欢这款温馨的钓鱼游戏，真正符合心里的休闲挂机游戏，是不是还有惊喜，各种小动物来找你的小猫咪说话，帮他们做些小任务，虽然这些任务不一定赚钱，完成任务他们会感谢你，在边上陪着你的小猫钓鱼等等真的很不错，希望多更新点内容,True,1754742173,,1754742173,True,0,0,0.5,False
1754908968,0,47,393,2093,2093,76561198857023924,0,,tchinese,False,False,201768035,"不错，我是居家办公的文字工作者，这款真正意义上可以放着不管的放置类游戏很适合当我工作期间的asmr，桌面模式尤其好评。

要是能把猫猫改成暹罗猫就好了。",True,1754741019,,1754741019,True,0,0,0.5,False
1754910021,44,31,462,985,985,76561199238048540,0,,schinese,False,False,201762976,定价高了点，不过还是很休闲很治愈，放在电脑桌面上，玩着手机，听着放松的bgm，偶尔抬头收一下鱼。挺治愈的，没精力玩游戏的时候就挂着这个挺好的。,True,1754734198,,1754734198,True,0,0,0.5,False
1754906846,0,1,489,2774,2826,76561199573520647,0,,schinese,False,False,201759447,休闲小游戏，偶尔点点小鱼，非常的休闲。画面很好看，内存占用很小，直接当壁纸，非常奈斯。,True,1754729455,,1754729455,True,0,0,0.5,False
1754908948,0,16,449,3335,3335,76561198266662393,0,,schinese,True,False,201759077,"猫猫偷懒喝咖啡的时候千万不要打扰他呀

对了，全屏模式不能设置分辨率所以stem deck无法完整显示画面,但不影响游玩",True,1754728962,,1754729195,True,0,0,0.5,False
1754908942,120,29,1598,4388,4388,76561198069603499,0,,schinese,False,False,201755812,游戏本体不错，休闲，问题也多，钓鱼点太少，很多说明都不详细跟明显，鱼的种类太少，鱼篓太小。期待加多钓鱼点 ，添加NPC好感度查看，后期可玩性有点低。,True,1754724172,,1754724172,True,0,0,0.5,False
1754726892,763,165,174,224,224,76561199563572245,0,,schinese,False,False,201755718,一款可爱的猫猫挂机游戏，游戏操作还是蛮简单的，适合没事时候挂着玩，还带有收集元素，不错,True,1754724019,,1754724019,True,0,0,0.5,False
1754909123,0,13,436,1650,1650,76561198125238900,0,,french,False,False,201736098,"Perfect, the music and atmosphere really relaxing will do other thing, the DA is too cute and the different switching view for integration is nice, just a little problem, if you hide (with transparency) with the cat logo, you can't go to the caravan in his state, so you have to return to normal view before going.",True,1754694588,,1754694588,True,0,0,0.5,False
1754909606,203,40,696,3711,3711,76561198160098520,0,,english,False,False,201713922,"nice, cute idle game. the wallpaper mode doesn't seem to be working yet though :(",True,1754669822,,1754702275,True,0,0,0.5,False
1754661763,3938,256,269,269,269,76561198403562887,0,,schinese,False,False,201710781,还不错的休闲挂机小游戏，猫猫+钓鱼，画风很可爱,True,1754666760,,1754666760,True,0,0,0.5,False
1754910210,104,19,10,1387,1387,76561198437917742,0,,koreana,False,False,201707984,"그림체도 귀엽고 게임이 배경화면으로 깔려서 동작하는겜은 첨해보네요 
신기하고 그림체도 동화같은 그림체라서 보기 편안하고 
게임방식도 어렵지않고 귀찮지않게 잘만든 방치형 데스크탑게임인것 같습니다. 
",True,1754663990,,1754663990,True,0,0,0.5,False
1754841205,0,68,69,1146,1146,76561198062473307,0,,schinese,False,False,201704093,美术风格很棒的小清新挂机游戏，除了文案有点幼稚以外都还不错,True,1754659962,,1754659962,True,0,0,0.5,False
1754907030,328,66,241,1780,1780,76561198098559189,0,,schinese,False,False,201702709,挺可爱的挂机游戏，桌面模式甚至不影响玩其他游戏，就是目前地图有点少，希望能再增加一些,True,1754658376,,1754658376,True,0,0,0.5,False
1754664269,214,15,141,281,281,76561198314210344,0,,schinese,False,False,201701610,"看猫猫钓鱼真是美事一桩啊！
而且因为主角是猫，似乎让人更有升级各种装饰的欲望——就是那种“我自己打把破烂的伞或者不打伞都没关系，但是我怎么能不给猫猫买最好的伞呢？！？”
看图鉴收集要素的量也是不错的，挂机量是有的，但是又没有很多需要操作的部分，挂就完事了！
平时点一下猫猫，猫猫会舔我的猫爪？！可爱！
在猫猫喝茶的时候点猫猫居然会打断猫猫的休息……！对不起猫，我坏！
千言万语汇成一句猫猫真好",True,1754657095,,1754657095,True,0,0,0.5,False
1754908702,0,6,348,2871,2871,76561199034512643,0,,schinese,False,False,201698881,"非常可爱！本资深猫奴闭眼入~~~~~
虽然是个挂机小游戏，就这个价格肯定游戏体量不大，但是相对其他一些钓鱼类挂机游戏，这个做的比较精致（很多小动态不错），风格也卡通，童话风一些，还有点小NPC任务，挺有意思的~~非常可爱！

不用手动收集鱼挺好~不过得优先升级鱼篓和鱼缸！不然都舍不得卖彩虹鱼和高级鱼~ 

鱼缸里的鱼也需要尝试一些不同配比找出最性价比的方式，而且后续地图的鱼价也有递增。

PS：还能抓包猫猫偷摸喝茶摸鱼时刻！

期待未来有更多更新，肯定第一时间入DLC~~

PPS：现在没有老板键和尺寸选择~ 希望能把尺寸再调小一点感觉更好~",True,1754653784,,1754653850,True,0,0,0.5,False
1754909988,0,4,393,1950,1950,76561198302562784,0,,schinese,False,False,201697253,"壁纸模式真的对摸鱼人士很友好））挂着工作学习当背景音乐非常合适！！
谁能拒绝钓鱼的小猫咪呢））",True,1754651671,,1754651671,True,0,0,0.5,False
1754840822,0,40,314,1290,1290,76561198345319127,0,,schinese,False,False,201695867,"不错的游戏，是我最近买的几款桌面游戏里最喜欢的一款

【提个要求：窗口宠物模式（是这么叫么），能不能将下方任务栏的那玩意放到任务栏最右边。就像STEAM那样，在时间日期喇叭那一边？不然老是点到有点烦。】

另，这猫‘摸鱼’被我抓到好几次了。
身为牛马，竟敢偷懒！
只要钓不SI，就往SI里钓。",True,1754649695,,1754662513,True,0,0,0.5,False
1754904306,43,7,1637,3637,3637,76561198263545228,1,,schinese,False,False,201692151,游戏很好.有问题及时更新.很不错,True,1754644400,,1754718914,True,0,0,0.5,False
1754909138,44,2,360,1441,1441,76561199133606514,0,,schinese,False,False,201691004,非常可爱治愈，从试玩版就很喜欢了。目前只开到第三个地图，没有什么压力，挂机欣赏可爱的小动物们就好，很适合我的一款,True,1754642644,,1754642644,True,0,0,0.5,False
1754910143,0,27,914,2507,2507,76561198138733128,0,,schinese,False,False,201690971,强烈建议鱼缸装饰品能放大缩小！！！！不然影响美感，装修党有没有get到的5555555,True,1754642593,,1754740012,True,0,0,0.5,False
1754651375,292,134,151,328,328,76561199080705709,0,,schinese,False,False,201690017,想必大家都很久没有玩过有固定的任务和随心所欲的游戏了吧，爱猫猫人士必入的游戏，它可以安安静静的躺在你的电脑里面，也可以在你工作的时候陪着你一起，你工作它钓鱼，治愈感满满～,True,1754641136,,1754641136,True,0,0,0.5,False
1754641795,1318,348,210,281,281,76561198143184298,0,,schinese,False,False,201688189,桌壁纸模式真的太好用了，猫猫可爱，鼠鼠可爱，界面可爱，游戏手感也好，我宣布这是我近期最爱的挂机摸鱼小游戏！,True,1754638246,,1754638246,True,0,0,0.5,False
1754641500,0,828,90,175,175,76561199080362889,0,,schinese,False,False,201687608,猫猫+桌面挂机，天太热了，只想一边摸鱼，一边钓鱼，玩起来还是比较轻松。,True,1754637361,,1754637361,True,0,0,0.5,False
1754637163,915,222,228,228,228,76561198887532518,0,,schinese,False,False,201687559,很治愈的桌宠小游戏，音乐也很让人放松，加班的日子里不再孤单,True,1754637282,,1754637282,True,0,0,0.5,False
1754636094,879,207,222,222,222,76561199172417251,0,,schinese,False,False,201687112,温馨可爱的画风，音乐好听治愈，壁纸模式看着清新舒服，前面一直卖鱼赚钱升级鱼具，玩到后面自动化解放双手，无聊时候玩真不错,True,1754636566,,1754636566,True,0,0,0.5,False
1754636195,2940,609,190,190,190,76561199027472249,0,,schinese,False,False,201686991,很好玩的放置钓鱼游戏，很治愈，也有收集的欲望,True,1754636394,,1754636394,True,0,0,0.5,False
1754909927,1507,239,137,3563,3563,76561199484840556,0,,schinese,False,False,201686880,这个放置钓鱼游戏是真不错，不用太多操作就可以安心挂机，鱼篓满了卖一波就可以。让上班摸鱼的我有打发时间的办法了。,True,1754636221,,1754636221,True,0,0,0.5,False
1754909200,0,13,2884,2915,2915,76561198038640050,0,,schinese,False,False,201684582,流程有一点短，地图才五章，鱼的种类不过百，对于挂机游戏动则上百小时来说收集的数据不够多,True,1754632348,,1754907691,True,0,0,0.5,False
1754631767,2074,463,159,159,159,76561198974833807,0,,schinese,False,False,201684307,可可爱爱的，可惜不是那种桌面底边栏挂机游戏，要是能彻底转成桌面外置挂机软件而不是现在这种壁纸模式还会好一些,True,1754631853,,1754631853,True,0,0,0.5,False
1754896569,215,8,971,1114,1114,76561198055800702,0,,english,False,False,201889850,I freaking love fishing so gosh darn much holy moly when I die I want to spend my eternal afterline casting a line into a boundless ocean of infinite piscine creatures endlessly chasing an elusive shining demigod of the waters with ever upgraded tools of the trade.,True,1754887959,,1754887959,True,1,1,0.523809552192687988,False
1754909851,0,1,1789,2797,2797,76561199334753130,0,,schinese,False,False,201819015,放置钓鱼，能当壁纸玩，做完别的事正好能来收一下菜。猫猫很萌，有些鱼的创作也很有想法，闪光鱼的设计让我有收集冲动，现在已经有十五条不同种类的闪光鱼了，要是猫猫也能换皮就好了，想换成奶牛猫。,True,1754801455,,1754801455,True,0,1,0.523809552192687988,False
1754826105,253,7,302,1635,1635,76561198274701327,0,,english,False,False,201742486,"Very cute idler, really enjoy the art and the aesthetic! 
Need more hats though!",True,1754703741,,1754709536,True,0,1,0.523809552192687988,False
1754908866,31,5,978,4589,4589,76561198304180464,0,,schinese,False,False,201735461,画风超可爱，就是仓库一开始太小了，睡一觉起来就满了,True,1754693744,,1754693744,True,0,1,0.523809552192687988,False
1754910013,28,5,1128,2108,2108,76561198186250041,0,,tchinese,False,False,201832795,"療育可愛~~~
寫code放在旁邊很舒服,目前壁紙模式還不能用~期待它是怎樣的狀態~",True,1754821502,,1754821502,True,0,1,0.520958065986633301,False
1754888936,177,9,340,2073,2073,76561198151583147,0,,russian,False,False,201715538,"Увлекательное приключение кота - рыбака с его братьями меньшими! 

Расслабляющий инди-проект для любителей отвлечься, просто закинуть удочку в атомный реактор https://steamcommunity.com/sharedfiles/filedetails/?id=3544894354 или в уютное озеро + помогать между делом своим приятелям, которые подгоняют тебе всякие ништяки, но контраст бешеный, я вам скажу)) и КЛЮЁТ - ""мама не горюй."" Без улова не останешься!""",True,1754671436,,1754685323,True,0,2,0.514285683631896973,False
1754797141,135,35,619,619,619,76561199514013393,0,,schinese,False,False,201847471,摸鱼玩钓鱼小游戏，听起来还有点这么回事，只是地图还是太少了，不够玩呐,True,1754837397,,1754837397,True,0,0,0.5,False
1754850131,0,2,549,938,938,76561198169208373,0,,german,False,False,201826728,"Using it as a learning timer, until I have enough fish to make a break:) Really helps me to focus and its fun to play between the learning sessions",True,1754813208,,1754813208,True,0,0,0.5,False
1754909899,172,144,37,1416,1416,76561198259131614,0,,tchinese,False,False,201780422,很可愛且療癒 重點是可以掛機 如果可以換貓的皮膚和釣竿皮膚就完美了,True,1754753972,,1754753972,True,0,0,0.5,False
1754868957,200,22,2108,2108,2108,76561198126475497,0,"哈喽~
您可以试一下在存档文件夹找备份文件~
存档路径：C:\Users\（系统用户名）\AppData\LocalLow\Cutefish\Fischer'sFishingJourney 
有问题可以加入我们的官方群，详细沟通定位~q群：706948400
感谢理解和支持~",schinese,False,False,201758412,cnm老子的数据呢？？挂了3天白挂了？？？起来卡死鱼缸鱼币给我清空了，鱼篓和图鉴还在有个p用啊 虹星闪光还差10几条就满50了啊草拟大爷,True,1754727998,1754885812,1754869188,False,0,0,0.5,False
1754910140,243,12,279,3726,3726,76561198134979527,0,很抱歉出现了这种情况！可以尝试一下这个方法：先关闭steam云存档，然后在C:\Users\（系统用户名）\AppData\LocalLow\Cutefish\Fischer'sFishingJourney 这里把SteamCloud_SettingDatas.sav这个文件删掉，再重新启动游戏,schinese,False,False,201715412,台式机能挂 笔记本打不开   笔记本3070 打开就一直在任务栏那里点不开，指上去显示的还是一个小黑屏,True,1754671297,1754672161,1754671297,False,1,0,0.5,False
1754666933,731,221,238,238,238,76561198886448495,0,,schinese,False,False,201711489,嘻嘻猫猫嘻嘻猫猫，不仅可以钓鱼还可以换装，太赞了,True,1754667464,,1754667464,True,0,0,0.5,False
1754910198,0,13,181,3794,3794,76561198326731695,0,,tchinese,False,False,201702677,"非常療育
可愛的貓咪釣魚掛置遊戲
釣到魚貓毛還會抖動",True,1754658340,,1754658340,True,0,0,0.5,False
1754657992,1656,300,142,142,142,76561198844994264,0,,schinese,False,False,201702448,好玩，可爱猫猫钓垃圾历险记，最主要是它可以只占电脑很小的一块,True,1754658080,,1754658080,True,0,0,0.5,False
1754908420,238,13,216,1571,1571,76561199782075533,1,,schinese,False,False,201698313,画风很不错，上班我摸鱼，猫猫在钓鱼，想想也很对味。目前解锁的东西还不是很多，不过从地图可以看出会有很多钓点，钓具升级还挺简单，几个小时就升满了。后续估计就是收集图鉴，升级鱼饵，换更大的地图，钓更大的鱼。,True,1754653064,,1754653064,True,0,0,0.5,False
1754749071,2385,332,162,1421,1421,76561198318032004,0,,schinese,False,False,201685329,猫猫！还是可爱的大橘猫！放后台挂机，上班上累了切回来看一眼，就当自己也在享受钓鱼的乐趣了,True,1754633591,,1754633591,True,0,0,0.5,False
1754884610,0,3,180,1195,1195,76561198284327751,1,"您好，窗口的角落模式也可以调整大小的，您点击它的左下角有一个选择箭头，通过推动箭头可以调整大小，此外，窗口模式也可以调整大小，也是同样的方法通过点击边角进行脱拽即可。
如果您在游戏中遇到任何问题，都欢迎加群讨论～感谢您的支持与理解！如果您觉得我的回复能解决您的问题，能否给个好评～非常感谢！！",schinese,False,False,201775504,"壁纸模式和wallpaper，桌宠或者角落模式比较好，角落也太大了，干活老是要触发什么。
我需要更多的鹅！！更多的鹅！！更多的鹅！！更多的鹅！！更多的鹅！！更多的鹅！！更多的鹅！！更多的鹅！！更多的鹅！！更多的鹅！！更多的鹅！！更多的鹅！！更多的鹅！！更多的鹅！！",True,1754749279,1754811232,1754749279,False,1,1,0.494166076183319092,False
1754908496,0,13,2792,4178,4178,76561199391960406,0,,schinese,False,False,201699094,"好玩，demo就挂了51个小时，正式版上线也有很多新内容，可以看出官方有认真参考玩家反馈，价格也适中，喜欢这类半挂机收集游戏的不要错过。

以下是关于剧情的一些个人猜想：(剧透慎入）






从叫微光湖的地图场景能看到许多辐射标志，这里貌似曾经是某种武器库，其他地图背景也能看到大片的建筑废墟，和滴答水巷的青蛙npc对话会得知它喜欢收集的所谓各种“图案”应该就是过去文明留下的文字和图片。从水里可以钓上垃圾形状的鱼，图鉴的文案也暗示了这种奇怪的鱼是哪儿来的？

地图三红石地水洼可以更明显的看到背景里曾经是城镇的废墟，以及这片曾经是学校操场的地上不知怎么来的大坑，还有其他各种细节，都暗示了这个看似画风可爱温馨，对话幼稚的世界，可能处于后末日时代，末日前的文明可能因为大规模的武器打击灭亡了。海里的垃圾鱼可能是变异影响的产物，npc们可能是后末日时代才出现的动物文明。

最终结局的剧情，揭晓了奇奇其实是旧文明制造的机器人，奇奇曾经是它旧主的钓鱼帮手，旧主是个资深钓鱼佬，借奇奇之口留下了遗言，说最后还能看到有生灵继续钓鱼真是太好了，奇奇说自己的任务终于完成了，留给玩家一丝惆怅。",True,1754654075,,1754819297,True,0,2,0.54356849193572998,False
1754876788,0,3,295,447,343,76561198404995620,0,,japanese,False,True,201679308,请关注猫猫钓游记喵！请关注猫猫钓游记喵！,False,1754623798,,1754623798,True,0,1,0.432657927274703979,False
1754900890,0,3,120,159,159,76561198845157585,0,,schinese,False,False,201692713,可恶的steam其实我一直挂着啊显示时长那么短o(╥﹏╥)o非常让人心安的游戏，工作疲劳的时候看见可爱小猫坐在旁边悠闲钓鱼的心情不要太好。放在背景当白噪音真的很舒服，桌面功能真的无敌了！别的小动物的任务也不是那种强制的，不会push你做任务这一点设计的很好哇；；总之！不要放过这个小猫费舍好吗！！！,True,1754645210,,1754645210,True,0,0,0.481481492519378662,False
1754908963,0,2,367,1001,1002,76561198368650913,0,,schinese,False,False,201815937,就当壁纸软件用了，如果能够像wallpaper一样，开机自启就更好了,True,1754796794,,1754796794,True,0,0,0.5,False
1754807394,48,42,2390,3086,3086,76561198950398050,0,,schinese,False,False,201792121,画风清新治愈，猫猫可爱到犯规。挂着它当壁纸，看慵懒小猫甩竿发呆，水波粼粼，瞬间压力清零。操作？基本没有！纯纯的摸鱼神器，工作学习时偷偷看一眼，仿佛自己也得到了片刻宁静，太解压了！,True,1754765836,,1754765836,True,0,0,0.5,False
1754760313,254,25,651,1410,1410,76561198107818308,0,,schinese,False,False,201722218,"测试的时候两天就玩了20h+了，对于喜欢赛博钓鱼的人来说很上头。
但是，不能直接点击移动窗口的问题还存在，不知道是底层逻辑不能更改还是bug，虽然已经反馈两次了。
叭说了，开钓！",True,1754678422,,1754678422,True,0,0,0.5,False
1754634503,469,205,198,198,198,76561199212512145,0,,schinese,False,False,201707067,钓鱼佬永不空军！显示里钓不到，游戏里我还钓不到吗,True,1754663047,,1754663047,True,0,0,0.5,False
1754649269,66,3,179,236,236,76561198865753436,1,,schinese,False,False,201686512,快哉快哉，不知那位姑娘愿与小生一同玩小茂密钓鱼，猫之大，一屏装不下，嚯哈哈哈真是幸会幸会，不撸赛博猫，不知其中美，不陷其中情，不知其中味。一猫一竿一筐鱼，半醒半醉半浮沉。噫吁嚱，小生仰天大笑出门去咯！,True,1754635658,,1754635658,True,6,0,0.474452555179595947,False
1754832509,31925,702,259,259,259,76561198217186687,0,,schinese,False,False,201829966,和可爱的猫猫一起钓鱼，休闲又放松，期待增加更多种类~,True,1754817711,,1754817711,True,0,2,0.511152744293212891,False
1754909342,488,71,1059,2576,2576,76561198011426105,0,,tchinese,False,False,201761281,"很棒的遊戲，
還有很少見的""壁紙""模式，
可以把遊戲直接當作桌布在使用。
但缺少了一個看到裡面朋友的功能，
例如看到朋友所在區域、看到朋友的好感度等等。",True,1754731943,,1754731943,True,0,0,0.5,False
1754909563,305,18,669,2378,2378,76561198278507859,0,,schinese,False,False,201749681,全屏适配有问题，瑕不掩瑜,True,1754714304,,1754714304,True,0,0,0.5,False
1754910089,63,5,640,2587,2589,76561199241086053,0,,schinese,False,False,201813809,为什么我达成了小老鼠的第一个任务所有条件之后还说要更多的小鱼币？,True,1754793693,,1754793693,True,0,0,0.5,False
1754909171,42,7,507,567,567,76561198928400760,0,,koreana,False,False,201901257,"[h1] 딴 짓 하지말고 낚시하라고 [/h1]
귀여우니까 봐줄게",True,1754907232,,1754907232,True,0,0,0.5,False
1754910059,135,15,1192,2505,2505,76561198338721657,0,,schinese,False,False,201763594,demo全鱼图鉴，上架直接一个入,False,1754735023,,1754735023,True,0,0,0.5,False
1754909429,368,141,258,1668,1668,76561198286213982,0,,schinese,False,False,201778482,能不能记忆一下上次选择的背包排序方式？,True,1754752149,,1754752149,True,0,0,0.5,False
1754908017,77,26,33,1040,1040,76561199160516358,0,,schinese,False,False,201679277,"非常好游戏,用幼虫钓出来猫鱼",True,1754623752,,1754623752,True,0,0,0.5,False
1754907748,81,2,773,1223,1223,76561199031527327,0,,schinese,False,False,201885887,非常萌小猫，是很轻松的放置类，对于我这种狂热收集爱好者来说也还算友好，收集的速度适当，不会太快也没有太慢，感觉看目前还没开的地图和新区域至少能让我挂个100h左右不会腻。平时做事的时候把背景音乐关了只开音效很白噪音，总之喜欢。,True,1754881304,,1754881304,True,0,1,0.5,False
1754756551,0,8,219,255,255,76561198391792710,0,,russian,False,False,201699685,"Хорошая игра, красивый визуал и увлекательный геймплей.",True,1754654781,,1754673967,True,0,1,0.49253728985786438,False
1754909512,0,2,677,1427,1427,76561199745534203,0,,tchinese,False,False,201819304,"節奏偏慢 是個需要長時間掛機的遊戲 
",True,1754801865,,1754801865,True,0,0,0.5,False
1754846360,106,6,568,1824,1824,76561198241418740,0,,schinese,False,False,201760551,"“当一切都销声匿迹时，而手上有一根鱼竿的时候，要做什么呢？”
“那当然是抛竿啦！”
钓鱼是一种有着别样魅力的行动，不论任何时刻，我们正在做什么事情，只要有一根钓竿在手上，在基因深处都有这样的一种本能促使我们将手中的钓竿抛出。

猫猫钓游记就是这一根钓竿，优美的音乐加上鱼躁动时发出的声音构成这一首由万物构成的奏鸣曲。优秀的美术给人带来眼前一亮的清新感，给小猫换上不同的遮阳伞和鱼篓时总会因为猫猫被打扮得可可爱爱而露出笑容。

壁纸模式让人眼前一亮，不会影响到其他工作，桌宠模式也让人感觉非常清新，美中不足的是文案方面，有些鱼的描写实在get不到电波在哪，青蛙的文本也感觉重复得有些无趣。

请迅速出新的dlc！！！图鉴增加！装饰增加！！！

猫好！钓鱼好！！！",False,1754730983,,1754730983,True,0,1,0.5,False
1754902277,0,8,437,1004,1004,76561198110758920,0,,schinese,False,False,201826020,非常好猫猫，使我桌面转动,True,1754812275,,1754812275,True,0,0,0.5,False
1754887982,205,9,3791,3791,3791,76561198431624745,0,,schinese,False,False,201889960,要是钓上来的鱼在鱼缸里面可以长大就更好了,True,1754888137,,1754888137,True,0,2,0.537537515163421631,False
1754835452,0,14,1625,1724,1724,76561199755792803,0,,tchinese,False,False,201839596,一點懶都不能偷的勞碌貓咪與要求很多的奇奇怪怪好朋友,True,1754829639,,1754829639,True,0,0,0.5,False
1754909917,129,1,118,2256,2256,76561198463946467,0,,schinese,False,False,201685801,很休闲很好玩的桌面放置游戏,True,1754634381,,1754634381,True,0,0,0.5,False
1754872269,76,10,1762,1936,1936,76561198091328674,0,,schinese,False,False,201871991,我的爷爷一生都没停抽过烟，在我10岁的时候我母亲和我爷爷说：“如果你想活到见到你孙子大学毕业的话，就得立刻把烟戒了。”他的眼泪像泉水一样涌了下来，更重要的是他也意识到了自己生命中更为珍贵的东西，他十分伤心并很快的把烟给戒了，然而3年后他还是因为肺癌去世了。当时的我特别伤心，母亲在葬礼之后语重心长的对我说：“求求你千万不要碰一根烟，千万别学你的爷爷，不要让你的亲人承受和我们一般的丧亲之痛。”我在那之后哭了几天并且牢记了母亲的教导，现在的我已经28岁了，我必须说我很后悔之前没有抽过一根烟，因为这（部/本）（电影/游戏/书）让我得上了癌症。,True,1754861971,,1754861971,True,0,0,0.438496589660644531,False
1754910015,196,82,689,1203,1203,76561198124213958,0,,schinese,False,False,201859852,可爱鼠了，非常优质的挂机小游戏,False,1754849436,,1754849436,True,0,0,0.5,False
1754905709,0,17,319,1301,1301,76561198117316325,0,,french,False,False,201823075,L'un des meilleur jeu deuxième écran / idle game que j'ai vue.,True,1754807792,,1754807792,True,0,0,0.5,False
1754908942,0,13,635,3250,3250,76561198119926581,0,,koreana,False,False,201777906,UI도 너무 귀엽고 재미있어요! 꼭 한번 해보세여 강추합니다!!,True,1754751617,,1754751617,True,0,0,0.5,False
1754909789,0,5,220,396,396,76561198334182049,0,,schinese,False,False,201848717,很治愈，很喜欢这个游戏,True,1754838540,,1754838540,True,0,0,0.5,False
1754767410,84,14,90,2462,2462,76561198100818338,0,,schinese,False,False,201680043,赛博挂机钓鱼养成？没有人会拒绝的啦！,True,1754624925,,1754625142,True,0,0,0.5,False
1754637903,711,198,190,190,190,76561198844118552,0,,schinese,False,False,201698442,"自己钓鱼：不爽。
看猫钓鱼：爽！",True,1754653228,,1754653228,True,1,1,0.506172835826873779,False
1754904155,0,5,30,402,402,76561198292615866,0,,schinese,False,False,201684886,玩了好长时间的试玩，总算出正式版了,True,1754632868,,1754632868,True,0,0,0.5,False
1754909610,30,1,2544,4013,4013,76561199527464018,0,,schinese,False,False,201833675,都给我去钓鱼 哥们重度焦虑靠这个撑着的 太治愈了,True,1754822616,,1754822616,True,0,1,0.522058844566345215,False
1754908764,6598,41,1527,2256,2256,76561197990243426,0,,english,False,False,201796535,Meet friends and fish. That's it.,True,1754770538,,1754770538,True,0,0,0.5,False
1754908939,164,4,1180,3871,3871,76561198139784783,0,,tchinese,False,False,201754649,療育遊戲 大家都要玩,True,1754722249,,1754722249,True,0,0,0.5,False
1754909377,0,32,363,1686,1686,76561198311645226,0,,schinese,False,False,201732222,从试用等啊等总算等到你,True,1754689594,,1754689594,True,0,2,0.545454561710357666,False
1754909987,166,13,826,1968,1968,76561198363733016,0,,schinese,False,False,201838861,可爱治愈风挂机钓鱼小游戏,True,1754828864,,1754828864,True,0,0,0.5,False
1754639274,343,149,277,277,277,76561199135419344,0,,english,False,False,201690433,Who would say no to a cute cat that can fish on your desk?,True,1754641771,,1754641771,True,0,2,0.523809552192687988,False
1754910066,341,21,475,3501,3501,76561198858067683,0,,english,False,False,201730146,Fischer wallpaper is now the only wallpaper <3 <3,True,1754687201,,1754687201,True,0,3,0.501238584518432617,False
1754908694,0,1,262,650,650,76561199014013166,0,,koreana,False,False,201836277,마음이 편해지는 게임입니다,True,1754825794,,1754825794,True,0,0,0.5,False
1754865358,0,30,1021,2002,2002,76561198038906016,0,,english,False,False,201806615,"Amazing art, solid idler.",True,1754782847,,1754782847,True,0,0,0.5,False
1754902870,486,12,34,646,646,76561198044039966,0,,schinese,False,False,201684714,"猫猫猫！
摸摸摸！
鱼鱼鱼！",True,1754632583,,1754632583,True,1,1,0.52173912525177002,False
1754908640,0,5,3011,4273,4273,76561199837641457,0,,russian,False,False,201828673,одна из лучши игр на рабочий стол,True,1754815891,,1754815891,True,0,0,0.5,False
1754909828,48,5,1173,1786,1786,76561198111226867,0,,koreana,False,False,201825435,귀엽다... 힐링된다 할것도 많다...,True,1754811425,,1754811425,True,0,0,0.5,False
1754745487,0,6,262,262,262,76561199103674767,0,,english,False,False,201795878,Perfect Wallpaper,True,1754769841,,1754769841,True,0,0,0.5,False
1754908429,313,26,333,1962,1962,76561198074712058,0,,schinese,False,False,201825294,谁不喜欢可爱的猫猫呢,True,1754811202,,1754811202,True,0,0,0.5,False
1754900920,331,23,30,1202,1202,76561198228612172,0,,schinese,False,False,201693094,很可爱的放置小游戏~,True,1754645790,,1754645790,True,0,0,0.5,False
1754850186,242,44,10,10,10,76561198097002339,0,,spanish,False,False,201860657,muy muy tranquilo y aesthetic,True,1754850256,,1754850256,True,0,0,0.5,False
1754910024,119,12,605,1984,1984,76561198142260323,0,,schinese,False,False,201838950,好玩爱玩，摸鱼神器,True,1754828964,,1754828964,True,0,0,0.5,False
1754645789,134,4,294,294,294,76561198809147253,0,,schinese,False,False,201826105,非常好非常可爱的游戏,True,1754812392,,1754812392,True,0,0,0.5,False
1754908589,156,35,324,2293,2308,76561198806633214,0,,schinese,False,False,201696894,赛博撸猫猫,True,1754651172,,1754651172,True,0,1,0.517045438289642334,False
1754909519,213,90,1030,2924,2924,76561198040798261,0,,japanese,False,False,201816313,UIは最悪に近いけどそれ以外は理想に近い,True,1754797317,,1754797317,True,0,0,0.5,False
1754908674,0,11,2240,4131,4131,76561198226370200,0,,tchinese,False,False,201814243,掛機好遊戲,True,1754794291,,1754794291,True,0,0,0.5,False
1754910010,579,185,320,2285,2285,76561198825199968,0,,schinese,False,False,201813649,很好的挂机,False,1754793471,,1754793471,True,0,0,0.5,False
1754908527,46,4,242,1275,1275,76561198425856201,0,,schinese,False,False,201784178,好玩，爱玩,True,1754757592,,1754757592,True,0,0,0.5,False
1754909958,63,2,721,3447,3447,76561198424199973,0,,schinese,False,False,201715583,🐟长得在好看点就更好了,True,1754671482,,1754671482,True,1,0,0.5,False
1754909139,55,2,242,1517,1517,76561198293685388,0,,schinese,False,False,201690305,好玩爱玩 🐱🐱可爱捏！,True,1754641603,,1754641603,True,0,0,0.5,False
1754908640,0,2,242,1488,1488,76561198298676799,0,,koreana,False,False,201790389,참 괜찮은 게임입니다,True,1754764016,,1754764016,True,0,3,0.563492059707641602,False
1754909061,0,1,465,947,947,76561199567783329,0,,schinese,False,False,201881005,好玩,True,1754874015,,1754874015,True,0,0,0.5,False
1754909867,0,1,211,1093,1093,76561199066108707,0,,english,False,False,201761426,Cat good,True,1754732152,,1754732152,True,0,0,0.5,False
1754757943,0,13,38,150,150,76561199138547128,0,,english,False,False,201727000,Its cute.,True,1754683643,,1754683643,True,0,4,0.517992913722991943,False
1754891133,312,73,1467,1467,1467,76561199125568073,0,,koreana,False,False,201894472,모자 좀 늘려줘요,True,1754896176,,1754896176,True,0,0,0.5,False
1754842099,72,8,1059,1784,1784,76561198343448001,0,,schinese,False,False,201817105,好,True,1754798494,,1754798494,True,0,0,0.5,False
1754768349,0,8,321,587,587,76561198341531828,0,,schinese,False,False,201780718,还行,True,1754754280,,1754754280,True,0,0,0.5,False
1754738092,75,12,903,903,903,76561199193235696,0,,schinese,False,False,201766072,还行,True,1754738475,,1754738475,True,0,0,0.5,False
1754908894,40,2,190,2470,2470,76561198831459391,0,,koreana,False,False,201705185,귀엽습니다 귀여워 귀엽다 귀여움 자동낚시 귀여워,True,1754661135,,1754661135,True,0,0,0.5,False
1754908625,136,47,206,1207,1207,76561198210112129,0,,schinese,False,False,201830578,挂机神器,True,1754818561,,1754818561,True,0,0,0.5,False
1754909577,254,65,327,994,994,76561198100893100,0,,schinese,False,False,201818003,有猫，好👍,True,1754799851,,1754799851,True,0,0,0.5,False
1754899956,0,4,261,986,986,76561199030304788,0,,schinese,False,False,201769926,放松捏,True,1754743244,,1754743244,True,0,0,0.5,False
1754909050,0,5,1057,2700,2700,76561198383061233,0,,schinese,False,False,201762973,商店里面买的滑溜溜的窝料又BUG。。。,True,1754734195,,1754734195,True,0,0,0.5,False
1754909433,0,14,224,1065,1065,76561198362476829,0,,schinese,False,False,201746102,我摸鱼 小猫不需偷懒,True,1754708873,,1754708873,True,0,0,0.5,False
1754908703,82,11,1362,3223,3223,76561199426997430,0,,schinese,False,False,201816680,画风可爱,True,1754797859,,1754797859,True,0,0,0.5,False
1754909313,0,1,615,1596,1596,76561199561099517,0,,schinese,False,False,201816177,可以玩的电脑壁纸,True,1754797124,,1754797124,True,0,0,0.5,False
1754909423,0,11,30,2214,2214,76561198871088007,0,,koreana,False,False,201749825,피셔 귀여워 귀여워 귀여워,True,1754714552,,1754714552,True,0,0,0.5,False
1754909402,0,3,184,1502,1502,76561198323163558,0,,schinese,False,False,201761579,摸鱼摸鱼摸鱼摸鱼摸鱼摸鱼摸鱼摸鱼摸鱼摸鱼摸鱼摸鱼摸鱼摸鱼摸鱼摸鱼摸鱼,True,1754732373,,1754732373,True,0,0,0.5,False
1754908543,136,19,652,2760,2760,76561199794441886,0,,russian,False,False,201797301,7/10,True,1754771384,,1754771384,True,0,0,0.5,False
1754909848,8,2,1510,4437,4437,76561199338865290,0,,schinese,False,False,201761000,还可以,True,1754731569,,1754731569,True,0,0,0.5,False
1754910068,76,2,1123,1648,1648,76561198258672410,0,,tchinese,False,False,201841508,有夠療愈,True,1754831662,,1754831662,True,0,0,0.5,False
1754908964,56,4,60,4302,4302,76561198978823084,0,,japanese,False,False,201699726,癒し,True,1754654830,,1754654830,True,0,5,0.528707444667816162,False
1754909884,0,28,327,859,859,76561199820535709,0,,koreana,False,False,201759172,좋아요,True,1754729084,,1754729104,True,0,0,0.5,False
1754909074,0,3,241,2561,2561,76561198340695751,0,,japanese,False,False,201711182,chill,True,1754667160,,1754667160,True,0,1,0.453438013792037964,False
1754876490,286,10,496,527,527,76561198855998659,0,,schinese,False,False,201882646,1,True,1754876410,,1754876410,True,0,0,0.5,False
